close,pct_from_52w_high,rs_vs_nifty_pct,rules_passed,score,symbol,is_fno,qualifies
1137.0,-6.03,4.03,7/8,91.53,360ONE,False,True
32845.0,-11.46,1.87,3/8,39.37,3MINDIA,False,False
7410.0,-3.89,2.71,6/8,77.71,ABB,False,True
1283.8,-32.53,-5.17,1/8,7.33,ACC,False,False
418.0,0.0,14.93,8/8,114.93,ACMESOLAR,False,True
4231.2,-16.42,-10.56,2/8,14.44,AIAENG,False,False
2250.0,-1.35,22.36,8/8,122.36,APLAPOLLO,False,True
1065.0,-5.64,8.75,6/8,83.75,AUBANK,False,True
187.29,-32.18,-2.6,2/8,22.4,AWL,False,False
483.55,-13.11,0.85,2/8,25.85,AADHARHFC,False,False
492.05,-9.41,5.15,6/8,80.15,AARTIIND,False,True
1304.2,-24.89,-1.76,1/8,10.74,AAVAS,False,False
26065.0,-18.11,1.26,1/8,13.76,ABBOTINDIA,False,False
1125.4,-4.84,22.96,7/8,110.46,ACE,False,True
3168.5,-14.24,-7.07,2/8,17.93,ACUTAAS,False,False
1409.6,-19.06,-13.0,2/8,12.0,ADANIENSOL,False,False
2938.0,-8.53,-5.84,4/8,44.16,ADANIENT,True,False
1301.3,-18.9,-16.98,3/8,20.52,ADANIGREEN,False,False
1707.3,-9.34,-8.29,4/8,41.71,ADANIPORTS,False,False
207.2,-16.76,-13.19,3/8,24.31,ADANIPOWER,False,False
612.35,-24.24,-21.91,0/8,-21.91,ATGL,False,False
404.9,-4.66,12.44,6/8,87.44,ABCAPITAL,False,True
52.97,-43.34,-14.12,1/8,-1.62,ABFRL,False,False
86.07,-41.99,-16.22,2/8,8.78,ABLBL,False,False
1373.6,-28.75,7.94,3/8,45.44,ABREL,False,False
1062.3,-9.18,3.24,6/8,78.24,ABSLAMC,False,False
3704.6,-4.99,2.71,7/8,90.21,CPPLUS,False,True
1270.2,-10.42,63.48,4/8,113.48,AEGISLOG,False,False
284.5,-6.26,47.42,7/8,134.92,AEGISVOPAK,False,True
292.8,-36.69,-10.02,2/8,14.98,AFCONS,False,False
1616.5,-24.7,7.24,5/8,69.74,AFFLE,False,False
3464.8,-6.82,15.2,5/8,77.7,AJANTPHARM,False,False
5190.0,-11.02,-3.52,1/8,8.98,ALKEM,False,False
609.95,-13.2,3.67,4/8,53.67,ABDL,False,False
864.2,-16.87,-0.02,3/8,37.48,ARE&M,False,False
7474.0,-15.48,-3.93,3/8,33.57,AMBER,False,False
405.0,-31.2,-4.8,0/8,-4.8,AMBUJACEM,False,False
2215.9,0.0,24.11,7/8,111.61,ANANDRATHI,False,True
625.45,-14.83,7.63,5/8,70.13,ANANTRAJ,False,False
299.8,-15.24,-11.86,3/8,25.64,ANGELONE,False,False
934.05,-1.75,20.71,8/8,120.71,ANTHEM,False,True
1238.7,-9.98,-9.01,3/8,28.49,ANURAS,False,False
17421.0,-3.22,23.26,7/8,110.76,APARINDS,False,True
8650.0,-4.31,2.01,6/8,77.01,APOLLOHOSP,True,True
429.55,-18.98,6.6,2/8,31.6,APOLLOTYRE,False,False
258.85,-24.51,-4.7,2/8,20.3,APTUS,False,False
955.9,-10.36,5.18,6/8,80.18,ASAHIINDIA,False,False
169.0,-18.89,14.05,4/8,64.05,ASHOKLEY,False,False
2527.3,-14.12,-6.28,1/8,6.22,ASIANPAINT,True,False
785.75,-9.65,1.94,5/8,64.44,ASTERDM,False,False
1492.9,-14.38,-5.54,3/8,31.96,ASTRAL,False,False
1584.0,-8.21,50.98,8/8,150.98,ATHERENERG,False,True
6386.0,-9.71,-6.18,3/8,31.32,ATUL,False,False
1653.1,-3.72,10.78,7/8,98.28,AUROPHARMA,False,True
519.9,-22.16,10.09,4/8,60.09,AIIL,False,False
3770.0,-21.93,-11.3,0/8,-11.3,DMART,False,False
1273.0,-9.2,-0.4,4/8,49.6,AXISBANK,True,False
2057.8,-7.69,15.8,7/8,103.3,BEML,False,True
238.79,-34.99,-11.38,2/8,13.62,BLS,False,False
3409.8,-22.36,-14.16,2/8,10.84,BSE,False,False
11919.0,-3.58,12.98,7/8,100.48,BAJAJ-AUTO,True,True
1060.5,-8.48,17.7,5/8,80.2,BAJFINANCE,True,False
1970.0,-9.41,13.49,5/8,75.99,BAJAJFINSV,True,False
11162.0,-16.88,9.54,6/8,84.54,BAJAJHLDNG,False,False
83.08,-28.33,-3.53,0/8,-3.53,BAJAJHFL,False,False
2284.6,-15.6,4.76,3/8,42.26,BALKRISIND,False,False
690.6,-9.97,27.59,7/8,115.09,BALRAMCHIN,False,True
164.95,-23.24,-21.45,0/8,-21.45,BANDHANBNK,False,False
239.0,-23.95,-11.64,1/8,0.86,BANKBARODA,False,False
145.0,-15.5,1.75,5/8,64.25,BANKINDIA,False,False
85.95,-8.42,6.26,7/8,93.76,MAHABANK,False,True
672.75,-44.67,3.79,1/8,16.29,BATAINDIA,False,False
3989.9,-22.8,-10.25,1/8,2.25,BAYERCROP,False,False
236.86,-9.37,7.4,6/8,82.4,BELRISE,False,True
485.3,-17.14,-2.53,1/8,9.97,BERGEPAINT,False,False
1255.0,-22.81,1.67,2/8,26.67,BDL,False,False
405.35,-13.35,-2.84,2/8,22.16,BEL,False,False
1956.0,-13.65,-0.61,2/8,24.39,BHARATFORG,False,False
431.1,-2.61,9.5,7/8,97.0,BHEL,False,True
315.7,-18.7,4.74,5/8,67.24,BPCL,True,False
1840.0,-13.85,1.34,2/8,26.34,BHARTIARTL,True,False
1495.4,-21.02,-0.15,1/8,12.35,BHARTIHEXA,False,False
584.2,-26.96,-11.39,1/8,1.11,BIKAJI,False,False
397.4,-9.83,-6.42,1/8,6.08,BIOCON,False,False
289.35,-36.92,-12.7,1/8,-0.2,BSOFT,False,False
4991.7,-25.43,3.93,3/8,41.43,BLUEDART,False,False
569.8,-23.25,17.75,4/8,67.75,BLUEJET,False,False
1484.0,-26.05,-9.29,2/8,15.71,BLUESTARCO,False,False
1496.8,-28.14,-1.58,3/8,35.92,BBTC,False,False
46820.0,-6.36,25.32,7/8,112.82,BOSCHLTD,False,True
180.16,-55.99,-20.8,1/8,-8.3,FIRSTCRY,False,False
696.1,-10.57,40.7,7/8,128.2,BRIGADE,False,False
5101.5,-17.68,-0.98,2/8,24.02,BRITANNIA,True,False
972.2,-49.98,15.17,3/8,52.67,MAPMYINDIA,False,False
1106.2,-9.79,1.84,5/8,64.34,CCL,False,False
146.5,-23.55,-17.21,1/8,-4.71,CESC,False,False
891.0,-8.76,-7.06,4/8,42.94,CGPOWER,False,False
385.35,-21.39,-17.03,0/8,-17.03,CIEINDIA,False,False
4802.0,-4.16,21.81,8/8,121.81,CRISIL,False,True
807.4,-14.25,-2.26,1/8,10.24,CANFINHOME,False,False
125.5,-18.43,-6.82,0/8,-6.82,CANBK,False,False
157.23,0.0,12.99,8/8,112.99,CANHLIFE,False,True
2810.8,-1.2,35.98,8/8,135.98,CAPLIPOINT,False,True
279.9,0.0,35.87,8/8,135.87,CGCL,False,True
1130.6,-8.73,6.72,5/8,69.22,CARBORUNIV,False,False
3000.2,-8.19,50.92,6/8,125.92,CARTRADE,False,True
190.27,-1.33,4.87,7/8,92.37,CASTROLIND,False,True
3333.2,-21.74,3.23,1/8,15.73,CEATLTD,False,False
1297.4,-20.87,14.61,4/8,64.61,CEMPRO,False,False
31.08,-21.89,0.03,2/8,25.03,CENTRALBK,False,False
1394.6,-14.98,13.32,6/8,88.32,CDSL,False,False
896.75,-15.67,13.07,7/8,100.57,CHALET,False,False
419.05,-23.02,-11.47,1/8,1.03,CHAMBLFERT,False,False
1452.2,0.0,26.01,7/8,113.51,CHENNPETRO,False,True
760.95,-10.51,12.39,3/8,49.89,CHOICEIN,False,False
1525.7,-24.39,3.43,2/8,28.43,CHOLAHLDNG,False,False
1839.0,-5.21,20.11,6/8,95.11,CHOLAFIN,False,True
1385.0,-15.97,-2.11,4/8,47.89,CIPLA,True,False
236.01,0.0,27.45,8/8,127.45,CUB,False,True
836.15,-29.9,3.96,3/8,41.46,CLEAN,False,False
415.35,-11.51,-12.03,2/8,12.97,COALINDIA,True,False
1499.1,-21.84,1.9,3/8,39.4,COCHINSHIP,False,False
1972.8,-2.07,35.79,6/8,110.79,COFORGE,False,True
456.6,-55.23,5.3,6/8,80.3,COHANCE,False,False
1829.2,-24.09,-10.79,1/8,1.71,COLPAL,False,False
748.8,-9.71,-3.05,3/8,34.45,CAMS,False,False
1417.1,-16.09,13.08,5/8,75.58,CONCORDBIO,False,False
508.0,-8.61,10.72,4/8,60.72,CONCOR,False,False
1938.8,-19.1,5.74,2/8,30.74,COROMANDEL,False,False
11398.0,0.0,23.62,8/8,123.62,CRAFTSMAN,False,True
1443.1,-10.59,11.9,3/8,49.4,CREDITACC,False,False
232.4,-28.26,-14.05,1/8,-1.55,CROMPTON,False,False
5035.0,-15.77,-14.5,1/8,-2.0,CUMMINSIND,False,False
1101.8,-12.24,23.33,4/8,73.33,CYIENT,False,False
1020.9,-25.27,-1.74,0/8,-1.74,DCMSHRIRAM,False,False
681.9,-12.24,17.44,5/8,79.94,DLF,False,False
2208.7,-17.72,3.43,3/8,40.93,DOMS,False,False
380.9,-29.82,-11.3,1/8,1.2,DABUR,False,False
1749.3,-29.02,-0.37,2/8,24.63,DALBHARAT,False,False
4585.0,-5.57,6.8,5/8,69.3,DATAPATTNS,False,False
1362.1,-17.6,-6.09,2/8,18.91,DEEPAKFERT,False,False
1712.4,-8.3,0.12,7/8,87.62,DEEPAKNTR,False,True
457.9,-11.99,2.41,3/8,39.91,DELHIVERY,False,False
139.28,-26.27,20.84,5/8,83.34,DEVYANI,False,False
9100.0,-3.88,36.47,8/8,136.47,DIVISLAB,True,True
14240.0,-22.32,22.29,5/8,84.79,DIXON,False,False
1877.5,-4.62,18.82,7/8,106.32,LALPATHLAB,False,True
1151.0,-15.8,-11.65,0/8,-11.65,DRREDDY,True,False
781.35,-30.6,4.0,4/8,54.0,EIDPARRY,False,False
291.9,-29.88,-1.84,1/8,10.66,EIHOTEL,False,False
7630.5,-5.86,6.79,6/8,81.79,EICHERMOT,True,True
433.75,-30.7,-20.41,2/8,4.59,ELECON,False,False
642.1,0.0,1.63,8/8,101.63,ELGIEQUIP,False,True
366.05,-39.35,-7.15,1/8,5.35,EMAMILTD,False,False
1927.6,-3.89,7.66,6/8,82.66,EMCURE,False,True
2782.8,-8.14,7.08,6/8,82.08,ENDURANCE,False,True
279.45,-0.89,15.25,7/8,102.75,ENGINERSIN,False,True
1321.7,-25.34,-5.46,2/8,19.54,ERIS,False,False
2968.8,-23.84,5.67,3/8,43.17,ESCORTS,False,False
322.75,-8.92,23.56,7/8,111.06,ETERNAL,False,True
424.35,-13.51,4.44,4/8,54.44,EXIDEIND,False,False
332.5,-4.88,24.49,7/8,111.99,NYKAA,False,True
343.0,-7.41,10.89,6/8,85.89,FEDERALBNK,False,True
801.4,-20.4,-9.46,2/8,15.54,FACT,False,False
1220.2,-8.21,17.8,6/8,92.8,FINCABLES,False,True
264.4,-28.11,-3.62,1/8,8.88,FSL,False,False
523.05,-20.46,17.94,5/8,80.44,FIVESTAR,False,False
17500.0,-32.11,-6.35,1/8,6.15,FORCEMOT,False,False
905.0,-17.48,-5.74,2/8,19.26,FORTIS,False,False
173.4,-4.15,1.61,8/8,101.61,GAIL,False,True
4306.3,-21.99,-17.07,3/8,20.43,GVT&D,False,False
97.45,-15.25,-6.76,1/8,5.74,GMRAIRPORT,False,False
1353.2,-14.59,33.25,5/8,95.75,GABRIEL,False,False
574.0,-38.09,-13.48,2/8,11.52,GALLANTT,False,False
2533.2,-18.12,-6.99,0/8,-6.99,GRSE,False,False
358.45,-9.05,-7.53,3/8,29.97,GICRE,False,False
7312.5,-28.66,-6.4,1/8,6.1,GILLETTE,False,False
2932.4,-1.27,31.06,7/8,118.56,GLAND,False,True
2958.1,-4.77,34.48,7/8,121.98,GLAXO,False,True
2437.2,-3.0,9.82,8/8,109.82,GLENMARK,False,True
1469.8,-2.59,16.3,7/8,103.8,MEDANTA,False,True
258.3,-29.35,-16.75,1/8,-4.25,GODIGIT,False,False
240.67,-20.99,-16.03,1/8,-3.53,GPIL,False,False
2051.0,-43.3,-8.54,0/8,-8.54,GODFRYPHLP,False,False
878.0,-29.33,-13.81,1/8,-1.31,GODREJCP,False,False
1163.5,-17.93,9.32,3/8,46.82,GODREJIND,False,False
1982.0,-14.17,15.49,5/8,77.99,GODREJPROP,False,False
848.3,-5.89,5.35,5/8,67.85,GRANULES,False,False
733.6,-4.23,2.87,7/8,90.37,GRAPHITE,False,True
3322.0,-1.73,5.32,7/8,92.82,GRASIM,True,True
1661.6,-11.4,-0.38,3/8,37.12,GRAVITA,False,False
1369.7,-19.49,-7.71,3/8,29.79,GESHIP,False,False
4554.0,-4.55,25.7,7/8,113.2,FLUOROCHEM,False,True
562.95,-24.61,-16.69,0/8,-16.69,GMDCLTD,False,False
728.25,-1.49,33.49,7/8,120.99,HEG,False,True
695.75,-36.52,-14.75,2/8,10.25,HBLENGINE,False,False
1293.4,-23.01,10.88,3/8,48.38,HCLTECH,True,False
682.7,-13.44,4.38,3/8,41.88,HDBFS,False,False
2458.3,-14.61,-3.78,1/8,8.72,HDFCAMC,False,False
712.1,-28.29,-5.37,2/8,19.63,HDFCBANK,True,False
546.4,-30.4,-6.96,2/8,18.04,HDFCLIFE,True,False
231.44,-7.97,21.34,6/8,96.34,HFCL,False,True
1154.0,-27.96,-3.12,1/8,9.38,HAVELLS,False,False
5300.0,-13.66,8.96,5/8,71.46,HEROMOTOCO,True,False
528.6,-32.04,-1.78,2/8,23.22,HEXT,False,False
671.05,-16.21,-4.32,2/8,20.68,HSCL,False,False
1011.0,-11.61,-9.26,4/8,40.74,HINDALCO,True,False
4856.0,-4.77,13.12,6/8,88.12,HAL,False,True
521.65,-31.26,-3.17,2/8,21.83,HINDCOPPER,False,False
356.5,-24.88,-5.19,1/8,7.31,HINDPETRO,False,False
1973.4,-24.66,-8.31,1/8,4.19,HINDUNILVR,True,False
601.0,-15.84,3.76,5/8,66.26,HINDZINC,False,False
31650.0,-17.65,-15.38,2/8,9.62,POWERINDIA,False,False
1210.1,-6.68,12.2,7/8,99.7,HOMEFIRST,False,True
471.05,-5.73,11.64,6/8,86.64,HONASA,False,True
35655.0,-11.1,0.77,3/8,38.27,HONAUT,False,False
180.52,-23.63,-13.35,1/8,-0.85,HUDCO,False,False
2205.0,-20.76,13.14,5/8,75.64,HYUNDAI,False,False
1423.2,-2.52,11.44,7/8,98.94,ICICIBANK,True,True
1510.0,-25.8,-16.38,1/8,-3.88,ICICIGI,False,False
494.55,-27.92,0.07,2/8,25.07,ICICIPRULI,False,False
90.63,-21.88,21.74,5/8,84.24,IDBI,False,False
86.71,-0.9,17.93,7/8,105.43,IDFCFIRSTB,False,True
101.38,0.0,25.09,7/8,112.59,IFCI,False,True
651.15,-6.5,23.7,7/8,111.2,IIFL,False,True
19.65,-13.55,-9.22,2/8,15.78,IRB,False,False
119.25,-35.73,-14.95,1/8,-2.45,IRCON,False,False
161.23,-34.45,2.98,1/8,15.48,ITCHOTELS,False,False
264.1,-34.3,-8.19,1/8,4.31,ITC,True,False
272.5,-23.59,-12.04,0/8,-12.04,ITI,False,False
601.5,-1.66,13.24,8/8,113.24,INDGN,False,True
362.5,-24.25,-7.12,1/8,5.38,INDIACEM,False,False
1726.4,-32.01,-12.98,1/8,-0.48,INDIAMART,False,False
879.7,-9.39,4.42,6/8,79.42,INDIANB,False,True
118.91,-21.02,-5.11,2/8,19.89,IEX,False,False
720.0,-8.55,7.27,5/8,69.77,INDHOTEL,False,False
137.6,-25.01,-1.86,1/8,10.64,IOC,True,False
33.55,-17.93,-0.39,2/8,24.61,IOB,False,False
476.05,-34.54,-12.21,1/8,0.29,IRCTC,False,False
83.4,-36.93,-15.82,1/8,-3.32,IRFC,False,False
113.64,-28.98,-10.2,1/8,2.3,IREDA,False,False
158.04,-26.82,-4.53,2/8,20.47,IGL,False,False
376.8,-18.16,-11.27,2/8,13.73,INDUSTOWER,False,False
1008.5,-5.69,9.78,5/8,72.28,INDUSINDBK,True,False
1319.8,-6.25,31.66,7/8,119.16,NAUKRI,False,True
1130.0,-31.68,-5.87,2/8,19.13,INFY,True,False
74.4,-52.69,-16.55,2/8,8.45,INOXWIND,False,False
686.65,-42.13,-7.46,2/8,17.54,INTELLECT,False,False
4977.0,-16.13,8.79,4/8,58.79,INDIGO,False,False
323.5,-14.97,-12.02,0/8,-12.02,IGIL,False,False
1759.9,-8.72,3.8,5/8,66.3,IKS,False,False
1965.3,-1.12,17.84,7/8,105.34,IPCALAB,False,True
5083.5,-25.64,1.65,2/8,26.65,JKCEMENT,False,False
625.6,-15.65,-11.75,1/8,0.75,JBMA,False,False
367.35,-38.66,-5.1,0/8,-5.1,JKTYRE,False,False
132.06,-29.56,8.17,5/8,70.67,JMFINANCIL,False,False
124.07,-18.23,-4.5,0/8,-4.5,JSWCEMENT,False,False
3174.5,-11.28,1.36,6/8,76.36,JSWDULUX,False,False
539.85,-10.03,-9.86,2/8,15.14,JSWENERGY,False,False
333.0,-5.18,17.83,5/8,80.33,JSWINFRA,False,False
1325.0,-1.19,0.37,7/8,87.87,JSWSTEEL,True,True
277.95,-51.36,-21.47,2/8,3.53,JAINREC,False,False
16.29,-28.77,-16.67,1/8,-4.17,JPPOWER,False,False
150.02,-22.13,-0.58,2/8,24.42,J&KBANK,False,False
305.3,-1.79,19.57,8/8,119.57,JINDALSAW,False,True
737.85,-14.3,4.29,4/8,54.29,JSL,False,False
1165.0,-9.44,-3.48,6/8,71.52,JINDALSTEL,False,False
239.5,-24.35,-0.93,2/8,24.07,JIOFIN,False,False
482.7,-27.08,11.04,3/8,48.54,JUBLFOOD,False,False
680.3,-10.63,7.7,4/8,57.7,JUBLINGREA,False,False
924.5,-21.33,-6.82,2/8,18.18,JUBLPHARMA,False,False
243.24,-30.01,-14.74,1/8,-2.24,JWL,False,False
1003.9,-3.63,56.0,7/8,143.5,JYOTICNC,False,True
1186.3,-2.42,7.15,7/8,94.65,KPRMILL,False,True
4850.0,-17.42,-11.37,2/8,13.63,KEI,False,False
575.45,-55.31,-27.66,0/8,-27.66,KPITTECH,False,False
1239.6,-1.7,11.13,8/8,111.13,KAJARIACER,False,True
1406.6,-1.52,7.76,7/8,95.26,KPIL,False,True
598.8,-5.64,58.76,6/8,133.76,KALYANKJIL,False,True
348.85,-1.55,23.58,6/8,98.58,KARURVYSYA,False,True
3598.0,-52.61,12.98,4/8,62.98,KAYNES,False,False
408.55,-53.24,-19.13,0/8,-19.13,KEC,False,False
928.9,-19.86,6.09,3/8,43.59,KFINTECH,False,False
2201.9,-13.93,13.05,6/8,88.05,KIRLOSENG,False,False
424.5,-4.47,10.39,8/8,110.39,KOTAKBANK,True,True
764.1,-10.17,-2.16,2/8,22.84,KIMS,False,False
314.0,-6.44,14.63,6/8,89.63,LTF,False,True
3493.3,-24.78,4.71,4/8,54.71,LTTS,False,False
1640.7,-5.15,7.14,5/8,69.64,LGEINDIA,False,False
562.05,-3.39,2.02,6/8,77.02,LICHSGFIN,False,False
444.8,-5.43,13.58,6/8,88.58,LTFOODS,False,True
4554.0,-27.97,9.9,4/8,59.9,LTM,False,False
3964.1,-9.4,-2.0,3/8,35.5,LT,True,False
267.25,-46.77,-16.78,2/8,8.22,LATENTVIEW,False,False
1840.0,-5.08,24.9,7/8,112.4,LAURUSLABS,False,True
554.05,-3.7,30.52,8/8,130.52,THELEELA,False,True
104.95,-41.02,-6.79,1/8,5.71,LEMONTREE,False,False
415.35,-8.0,4.03,5/8,66.53,LICI,False,False
6346.0,-19.0,-12.13,1/8,0.37,LINDEINDIA,False,False
1823.0,-13.24,0.29,4/8,50.29,LLOYDSME,False,False
1222.0,-6.84,37.02,6/8,112.02,LODHA,False,True
2110.0,-16.1,-8.55,1/8,3.95,LUPIN,False,False
64.18,-15.59,-7.93,1/8,4.57,MMTC,False,False
129945.0,-19.79,2.32,2/8,27.32,MRF,False,False
1096.6,-17.39,0.05,3/8,37.55,MGL,False,False
373.65,-9.37,29.54,5/8,92.04,M&MFIN,False,False
3170.0,-15.76,3.08,4/8,53.08,M&M,True,False
339.7,-8.38,8.26,5/8,70.76,MANAPPURAM,False,False
174.83,-15.45,10.59,5/8,73.09,MRPL,False,False
2327.9,-12.5,-3.12,2/8,21.88,MANKIND,False,False
815.15,-7.93,-1.26,4/8,48.74,MARICO,False,False
12694.0,-25.85,-4.02,1/8,8.48,MARUTI,True,False
1548.4,-17.2,-4.15,1/8,8.35,MFSL,False,False
984.8,-18.53,-1.32,2/8,23.68,MAXHEALTH,False,False
2475.0,-16.75,0.05,4/8,50.05,MAZDOCK,False,False
702.8,-5.7,7.08,5/8,69.58,MINDACORP,False,False
36.52,-28.82,-6.24,1/8,6.26,MSUMI,False,False
1037.0,-4.21,18.36,6/8,93.36,MOTILALOFS,False,True
2422.0,-17.12,5.33,4/8,55.33,MPHASIS,False,False
3275.4,-4.6,15.2,7/8,102.7,MCX,False,True
2913.8,-28.19,-9.86,1/8,2.64,MUTHOOTFIN,False,False
828.65,-31.17,-9.36,0/8,-9.36,NATCOPHARM,False,False
86.6,-28.83,-20.29,1/8,-7.79,NBCC,False,False
149.7,-29.95,1.65,5/8,64.15,NCC,False,False
76.25,-12.15,-1.61,2/8,23.39,NHPC,False,False
273.05,-26.38,-21.15,1/8,-8.65,NLCINDIA,False,False
84.7,-11.81,-11.1,1/8,1.4,NMDC,False,False
46.02,-12.43,-10.16,5/8,52.34,NSLNISP,False,False
89.36,-24.82,-13.67,0/8,-13.67,NTPCGREEN,False,False
332.5,-18.07,-9.34,2/8,15.66,NTPC,True,False
1858.5,-10.66,-7.68,3/8,29.82,NH,False,False
374.1,-14.63,-7.49,4/8,42.51,NATIONALUM,False,False
560.2,-22.59,-8.29,2/8,16.71,NAVA,False,False
8557.5,-1.6,19.56,8/8,119.56,NAVINFLUOR,False,True
1410.5,-8.41,-0.03,5/8,62.47,NESTLEIND,True,False
5193.0,-7.28,9.09,7/8,96.59,NETWEB,False,True
22660.0,-4.23,32.59,6/8,107.59,NEULANDLAB,False,True
524.8,-46.75,6.24,1/8,18.74,NEWGEN,False,False
1159.9,-7.28,1.79,7/8,89.29,NAM-INDIA,False,True
80.11,-9.34,-5.08,1/8,7.42,NIVABUPA,False,False
1815.6,-8.31,13.05,7/8,100.55,NUVAMA,False,True
352.15,-25.17,7.16,2/8,32.16,NUVOCO,False,False
1875.6,-3.88,13.0,6/8,88.0,OBEROIRLTY,False,True
234.65,-21.82,-13.26,2/8,11.74,ONGC,True,False
488.3,-5.79,-2.18,7/8,85.32,OIL,False,False
38.2,-40.78,-17.16,3/8,20.34,OLAELEC,False,False
1229.0,-26.45,-7.06,2/8,17.94,OLECTRA,False,False
1659.5,-3.41,53.52,7/8,141.02,PAYTM,False,True
1537.8,-18.63,-16.35,1/8,-3.85,ONESOURCE,False,False
12058.0,-3.84,19.08,8/8,119.08,OFSS,False,True
1836.0,-6.2,17.45,7/8,104.95,POLICYBZR,False,True
317.0,-20.99,8.89,4/8,58.89,PCBL,False,False
562.3,-10.84,13.58,4/8,63.58,PGEL,False,False
2465.0,-35.14,-10.68,1/8,1.82,PIIND,False,False
1166.0,-1.6,15.51,7/8,103.01,PNBHOUSING,False,True
23830.0,0.0,26.38,8/8,126.38,PTCIL,False,True
1227.2,-2.24,23.82,7/8,111.32,PVRINOX,False,True
36300.0,-18.65,-7.08,2/8,17.92,PAGEIND,False,False
157.0,-23.47,22.0,5/8,84.5,PARADEEP,False,False
342.5,-43.06,-20.28,1/8,-7.78,PATANJALI,False,False
5643.0,-13.42,10.11,5/8,72.61,PERSISTENT,False,False
288.1,-9.89,5.88,7/8,93.38,PETRONET,False,True
4609.7,-15.28,2.85,2/8,27.85,PFIZER,False,False
1942.0,-9.84,8.63,6/8,83.63,PHOENIXLTD,False,True
1629.5,-4.23,8.88,6/8,83.88,PIDILITIND,False,True
214.22,-2.04,24.27,6/8,99.27,PPLPHARMA,False,True
1702.5,-17.4,17.88,6/8,92.88,POLYMED,False,False
8300.0,-17.68,-16.29,1/8,-3.79,POLYCAB,False,False
468.45,-13.65,17.89,4/8,67.89,POONAWALLA,False,False
355.6,-24.63,-18.24,2/8,6.76,PFC,False,False
266.0,-17.11,-9.15,2/8,15.85,POWERGRID,True,False
1002.0,-10.31,-9.5,2/8,15.5,PREMIERENE,False,False
1587.0,-10.97,12.78,4/8,62.78,PRESTIGE,False,False
307.0,-12.16,25.54,6/8,100.54,PFOCUS,False,False
117.0,-9.03,10.41,6/8,85.41,PNB,False,True
2454.1,-16.2,8.38,5/8,70.88,RRKABEL,False,False
414.35,0.0,15.96,8/8,115.96,RBLBANK,False,True
318.7,-15.53,-8.12,1/8,4.38,RECLTD,False,False
371.35,-24.53,-9.34,1/8,3.16,RHIM,False,False
215.8,-19.13,0.87,1/8,13.37,RITES,False,False
4494.0,-5.05,26.76,7/8,114.26,RADICO,False,True
212.49,-44.88,-11.8,1/8,0.7,RVNL,False,False
271.05,-31.67,-15.36,0/8,-15.36,RAILTEL,False,False
1447.2,-9.47,5.64,6/8,80.64,RAINBOW,False,True
700.85,-7.17,22.51,6/8,97.51,RKFORGE,False,True
371.3,-0.31,56.49,7/8,143.99,REDINGTON,False,True
1322.0,-16.59,0.13,3/8,37.63,RELIANCE,True,False
22.08,-54.78,-25.04,0/8,-25.04,RPOWER,False,False
100.08,-15.54,5.39,6/8,80.39,SBFC,False,False
658.25,-29.57,9.37,5/8,71.87,SBICARD,False,False
1775.0,-15.74,-2.71,1/8,9.79,SBILIFE,True,False
65.23,-29.49,-13.11,2/8,11.89,SJVN,False,False
2547.0,-19.86,-7.93,1/8,4.57,SRF,False,False
46.82,-13.94,14.99,6/8,89.99,SAGILITY,False,False
1584.3,-0.17,34.61,8/8,134.61,SAILIFE,False,True
158.39,-16.61,-16.32,3/8,21.18,SAMMAANCAP,False,False
160.7,-5.85,9.86,7/8,97.36,MOTHERSON,False,True
228.43,-31.24,26.46,4/8,76.46,SAPPHIRE,False,False
508.55,-18.47,-8.87,0/8,-8.87,SARDAEN,False,False
492.75,-11.57,1.2,4/8,51.2,SAREGAMA,False,False
3956.4,-9.15,-4.23,1/8,8.27,SCHAEFFLER,False,False
1232.4,-17.89,2.86,3/8,40.36,SCHNEIDER,False,False
295.35,-14.03,-4.35,3/8,33.15,SCI,False,False
23855.0,-21.32,-2.97,0/8,-2.97,SHREECEM,True,False
1041.0,-8.76,11.11,6/8,86.11,SHRIRAMFIN,False,True
1065.3,-3.14,4.59,8/8,104.59,SHYAMMETL,False,True
3115.7,-19.53,-16.86,1/8,-4.36,ENRIN,False,False
3977.0,-3.33,6.34,6/8,81.34,SIEMENS,False,True
796.55,-30.52,-4.24,0/8,-4.24,SIGNATURE,False,False
1263.8,-25.41,-7.34,0/8,-7.34,SOBHA,False,False
21445.0,-0.26,14.09,8/8,114.09,SOLARINDS,False,True
789.0,-4.25,29.11,7/8,116.61,SONACOMS,False,True
285.25,-26.96,6.97,2/8,31.97,SONATSOFTW,False,False
557.35,-8.69,3.69,6/8,78.69,STARHEALTH,False,True
1016.1,-15.75,1.66,4/8,51.66,SBIN,True,False
196.8,-4.49,1.0,8/8,101.0,SAIL,False,True
493.4,-17.81,2.5,4/8,52.5,SUMICHEM,False,False
1899.0,-5.1,4.56,7/8,92.06,SUNPHARMA,True,True
470.9,-27.08,-10.17,2/8,14.83,SUNTV,False,False
4648.7,-16.27,11.84,5/8,74.34,SUNDARMFIN,False,False
3475.0,-23.6,-5.12,3/8,32.38,SUPREMEIND,False,False
771.05,-10.11,8.75,6/8,83.75,SPLPETRO,False,False
45.35,-24.92,-20.28,2/8,4.72,SUZLON,False,False
281.5,-42.42,-12.97,1/8,-0.47,SWANCORP,False,False
276.1,-39.78,7.9,3/8,45.4,SWIGGY,False,False
395.6,-40.86,-10.92,0/8,-10.92,SYNGENE,False,False
1457.3,-3.8,16.64,7/8,104.14,SYRMA,False,True
1688.9,-3.22,36.2,7/8,123.7,TBOTEK,False,True
4133.1,-7.46,19.87,7/8,107.37,TVSMOTOR,False,True
375.05,-2.0,17.07,6/8,92.07,TATACAP,False,True
625.1,-36.85,-14.03,2/8,10.97,TATACHEM,False,False
1756.1,-14.82,-12.82,3/8,24.68,TATACOMM,False,False
2304.0,-28.1,3.08,3/8,40.58,TCS,True,False
1010.0,-19.86,-12.96,1/8,-0.46,TATACONSUM,True,False
3558.0,-38.12,-17.73,0/8,-17.73,TATAELXSI,False,False
633.7,-39.8,-7.16,0/8,-7.16,TATAINVEST,False,False
311.5,-56.35,-23.32,1/8,-10.82,TMPV,False,False
368.0,-19.82,-11.78,1/8,0.72,TATAPOWER,False,False
188.79,-12.86,-9.09,2/8,15.91,TATASTEEL,True,False
800.0,-9.0,3.06,7/8,90.56,TATATECH,False,True
37.74,-35.81,-20.51,2/8,4.49,TTML,False,False
1596.9,-7.35,8.17,6/8,83.17,TECHM,True,True
979.5,-35.58,-5.96,1/8,6.54,TECHNOE,False,False
1548.0,-26.6,-19.37,1/8,-6.87,TEGA,False,False
614.15,-2.88,4.31,7/8,91.81,TEJASNET,False,True
229.91,0.0,50.72,8/8,150.72,NIACL,False,True
884.5,-26.39,-1.57,0/8,-1.57,RAMCOCEM,False,False
3637.6,-29.21,-26.69,0/8,-26.69,THERMAX,False,False
3125.3,-16.97,-14.47,1/8,-1.97,TIMKEN,False,False
871.85,-8.74,1.78,6/8,76.78,TITAGARH,False,True
5020.0,-2.89,15.95,6/8,90.95,TITAN,True,True
4857.0,-5.19,7.59,7/8,95.09,TORNTPHARM,False,True
1299.1,-26.45,-11.53,2/8,13.47,TORNTPOWER,False,False
300.95,-43.88,-8.55,3/8,28.95,TARIL,False,False
1296.3,-9.26,-1.26,5/8,61.24,TRAVELFOOD,False,False
2853.0,-48.32,0.72,2/8,25.72,TRENT,False,False
24.16,-18.74,-3.13,0/8,-3.13,TRIDENT,False,False
577.3,-21.87,-17.94,2/8,7.06,TRITURBINE,False,False
2698.0,-20.64,-16.0,0/8,-16.0,TIINDIA,False,False
24.78,-24.97,-3.21,1/8,9.29,UCOBANK,False,False
1249.7,-8.33,13.36,7/8,100.86,UNOMINDA,False,True
582.15,-27.01,-10.06,4/8,39.94,UPL,True,False
880.55,-34.64,-3.76,1/8,8.74,UTIAMC,False,False
11408.0,-10.81,4.41,4/8,54.41,ULTRACEMCO,True,False
187.22,-4.71,13.68,6/8,88.68,UNIONBANK,False,True
1279.4,-29.98,-4.95,1/8,7.55,UBL,False,False
1471.7,-5.42,16.68,6/8,91.68,UNITDSPR,False,True
181.09,-3.02,42.08,8/8,142.08,URBANCO,False,True
514.15,-0.43,-1.31,7/8,86.19,USHAMART,False,False
598.2,-9.45,-6.73,4/8,43.27,VTL,False,False
407.6,-25.0,-24.3,1/8,-11.8,VBL,False,False
272.1,-65.45,-16.06,2/8,8.94,VEDL,False,False
1493.2,-1.66,7.79,7/8,95.29,VIJAYA,False,True
106.14,-30.71,-12.88,3/8,24.62,VMM,False,False
15.02,-1.12,-1.8,6/8,73.2,IDEA,False,False
1170.0,-24.83,-11.87,1/8,0.63,VOLTAS,False,False
2635.0,-29.5,-15.96,2/8,9.04,WAAREEENER,False,False
2590.6,-1.93,84.88,8/8,184.88,WELCORP,False,True
208.51,0.0,43.49,8/8,143.49,WELSPUNLIV,False,True
815.95,-42.23,-0.55,3/8,36.95,WHIRLPOOL,False,False
176.4,-32.88,-12.33,2/8,12.67,WIPRO,True,False
2088.7,-2.98,6.46,8/8,106.46,WOCKPHARMA,False,True
22.5,-11.7,-5.71,3/8,31.79,YESBANK,False,False
2551.9,-4.83,3.1,5/8,65.6,ZFCVINDIA,False,False
91.61,-23.6,-20.67,1/8,-8.17,ZEEL,False,False
1801.4,-9.75,-2.99,3/8,34.51,ZENTEC,False,False
461.55,-44.69,-4.77,1/8,7.73,ZENSARTECH,False,False
1120.0,-7.05,0.67,7/8,88.17,ZYDUSLIFE,False,True
531.7,-11.75,3.31,4/8,53.31,ZYDUSWELL,False,False
1905.7,-22.91,35.89,6/8,110.89,ECLERX,False,False
